src_subject_id,visit,interviewer
24CYM,1,RA1
24CYM,2,RA1
24CYM,3,RA1
24CYM,4,RA1
24CYM,5,RA1
25T6M,1,RA2
25T6M,2,RA2
26AWM,1,RA2
2QRAM,1,RA1
2QRAM,2,RA1
2QRAM,3,RA1
3KCCM,1,RA1
3WJ9M,1,RA2
3WJ9M,2,RA2
47ESM,1,RA1
48G9M,1,RA2
4GW3M,1,RA1
4GW3M,2,RA1
4HAFM,1,RA2
4HAFM,2,RA2
4KUCM,1,RA3
4Q9QM,1,RA1
4Q9QM,2,RA1
4Q9QM,3,RA1
4Q9QM,4,RA2
4Q9QM,5,RA2
4Q9QM,6,RA2
4QEPM,1,RA2
4QEPM,2,RA2
5BE9M,1,RA1
5G7RM,1,RA1
5G7RM,2,RA1
5J27M,1,RA1
5J27M,2,RA1
5WHJM,1,RA1
5WHJM,2,RA1
6HCGM,1,RA1
6HCGM,2,RA2
6HCGM,3,RA1
6TQJM,1,
6UK6M,1,RA3
6UK6M,2,RA3
6UK6M,3,RA3
6UK6M,4,RA3
6UK6M,5,RA3
6XBVM,1,RA2
6Y6RM,1,RA3
72FRM,1,RA2
72FRM,2,RA2
72FRM,3,RA1
72FRM,4,RA2
78FLM,1,RA1
78FLM,2,RA1
78FLM,3,RA2
7C9NM,1,
7CTAM,1,RA2
7RGBM,1,RA2
7RGBM,2,RA2
878LM,1,RA3
878LM,2,RA1
8CWJM,1,RA1
8CWJM,2,RA1
8CWJM,3,RA1
8E6NM,1,RA3
8E6NM,2,RA3
8T28M,1,RA2
8T28M,2,RA2
8TEKM,1,RA1
8TEKM,2,RA2
8WCAM,1,RA1
8WCAM,2,RA1
8WCAM,3,RA1
8YSTM,1,RA1
93UEM,1,RA1
95ZLM,1,RA1
95ZLM,2,RA1
95ZLM,3,RA1
9AG3M,1,RA1
9AG3M,2,RA2
9AG3M,3,RA2
9C2FM,1,RA3
9DPEM,1,RA2
9DPEM,2,RA2
9FHYM,1,RA3
9GB3M,1,RA2
9GB3M,2,RA2
9WYQM,1,RA1
9WYQM,2,RA1
9XKBM,1,RA3
9ZLSM,1,RA2
9ZLSM,2,RA1
9ZLSM,3,RA1
9ZLSM,4,RA2
A3RSM,1,RA1
AAJQM,1,RA1
AAJQM,2,RA1
AAJQM,3,RA1
AP2DM,1,RA1
AP2DM,2,RA1
AP2DM,3,RA2
AU7AM,1,RA2
AU7AM,2,RA2
AU7AM,3,RA2
AU7AM,4,RA2
B967M,1,RA1
B967M,2,RA1
B9WYM,1,RA2
B9WYM,2,RA2
B9WYM,3,RA2
B9WYM,4,RA2
BL7RM,1,RA2
BL7RM,2,RA2
BL7RM,3,RA2
BL7RM,4,RA1
BQU4M,1,RA1
BQU4M,2,RA1
BQU4M,3,RA1
CAMI195,1,RA2
CAMI195,2,RA2
CAMI196,1,RA2
CAMI197,1,RA2
CAMI198,1,RA1
CAMI199,1,RA2
CAMI200,1,RA2
CAMI200,2,RA2
CAMI201,1,RA2
CAMI201,2,RA2
CAMI201,3,RA2
CAMI202,1,RA2
CAMI202,2,RA2
CAMI202,3,RA2
CAMI204,1,RA2
CAMI204,2,RA2
CAMI204,3,RA2
CAMI206,1,RA1
CAMI207,1,RA2
CAMI207,2,RA2
CAMI207,3,RA2
CAMI208,1,RA1
CAMI209,1,RA2
CAMI209,2,RA2
CAMI209,3,RA2
CAMI209,4,RA2
CAMI210,1,RA2
CAMI210,2,RA2
CAMI210,3,RA2
CAMI210,4,RA2
CAMI211,1,RA1
CAMI211,2,RA2
CAMI211,3,RA2
CAMI212,1,RA1
CAMI213,1,RA2
CAMI213,2,RA2
CAMI214,1,RA2
CAMI214,2,RA2
CAMI215,1,RA1
CAMI216,1,RA2
CAMI217,1,RA2
CAMI217,2,RA2
CAMI217,3,RA2
CAMI218,1,RA2
CAMI219,1,RA2
CAMI220,1,RA2
CAMI220,2,RA2
CAMI221,1,RA2
CAMI222,1,RA2
CAMI223,1,RA2
CAMI223,2,RA2
CAMI223,3,RA2
CAMI223,4,RA2
CAMI224,1,RA2
CAMI224,2,RA2
CAMI225,1,RA2
CAMI225,2,RA4
CAMI226,1,RA2
CAMI229,1,RA2
CAMI230,1,RA2
CAMI230,2,RA2
CAMI231,1,RA2
CAMI232,1,RA2
CAMI233,1,RA2
CAMI234,1,RA2
CAMI234,2,RA2
CAMI234,3,RA2
CAMI235,1,RA2
CAMI235,2,RA2
CAMI236,1,RA2
CAMI236,2,RA2
CAMI237,1,RA4
CAMI238,1,RA2
CAMI238,2,RA2
CAMI238,3,RA2
CAMI238,4,RA2
CAMI238,5,RA2
CAMI238,6,RA2
CAMI239,1,RA2
CAMI240,1,RA2
CAMI240,2,RA2
CAMI240,3,RA2
CAMI240,4,RA2
CAMI240,5,RA2
CAMI240,6,RA2
CAMI240,7,RA2
CAMI240,8,RA2
CAMI241,1,RA2
CAMI242,1,RA2
CAMI242,2,RA2
CAMI242,3,RA2
CAMI245,1,RA2
CAMI246,1,RA2
CAMI246,2,RA1
CAMI246,3,RA1
CAMI247,1,RA2
CAMI248,1,RA4
CAMI253,1,RA2
CAMI253,2,RA2
CAMI257,1,RA4
CAMI258,1,RA4
CAMI259,1,RA2
CAMI259,2,RA2
CAMI259,3,RA1
CAMI259,4,RA1
CAMI260,1,RA2
CAMI264,1,RA2
CAMI264,2,RA2
CAMI264,3,RA2
CAMI265,1,RA4
CAMI265,2,RA4
CAMI265,3,RA4
CAMI265,4,RA4
CAMI265,5,RA4
CAMI266,1,RA2
CAMI267,1,RA2
CAMI268,1,RA4
CAMI271,1,RA4
CAMI271,2,RA4
CAMI271,3,RA4
CAMI271,4,RA4
CAMI271,5,RA4
CAMI271,6,RA4
CAMI271,7,RA4
CAMI272,1,RA4
CAMI272,2,RA2
CAMI273,1,RA2
CAMI273,2,RA2
CAMI274,1,RA2
CAMI275,1,RA2
CAMI276,1,RA2
CAMI279,1,RA2
CAMI279,2,RA2
CAMI281,1,RA2
CAMI281,2,RA1
CAMI281,3,RA1
CAMI282,1,RA2
CAMI282,2,RA2
CAMI284,1,RA1
CAMI285,1,RA2
CAMI286,1,RA1
CAMI286,2,RA1
CAMI287,1,RA2
CAMI289,1,RA1
CAMI289,2,RA1
CAMI290,1,RA1
CAMI290,2,RA1
CAMI290,3,RA1
CAMI290,4,RA2
CAMI291,1,RA2
CAMI292,1,RA2
CAMI293,1,RA2
CAMI294,1,RA1
CAMI294,2,RA1
CAMI295,1,RA4
CAMI295,2,RA4
CAMI296,1,RA1
CAMI296,2,RA1
CAMI297,1,RA4
CAMI298,1,RA4
CAMI298,2,RA4
CAMI300,1,RA1
CAMI300,2,RA1
CAMI301,1,RA2
CAMI303,1,RA4
CAMI304,1,RA2
CAMI305,2,RA2
CAMI305,3,RA2
CAMI305,4,RA2
CAMI305,5,RA2
CAMI305,6,RA2
CAMI305,7,RA1
CAMI306,1,RA2
CAMI306,2,RA2
CAMI306,3,RA2
CAMI307,1,RA2
CAMI307,2,RA2
CAMI307,3,RA2
CAMI308,1,RA1
CAMI309,1,RA1
CAMI309,2,RA1
CAMI311,1,RA2
CAMI311,2,RA2
CAMI311,3,RA2
CAMI312,1,RA2
CAMI312,2,RA2
CAMI313,1,RA2
CAMI313,2,RA2
CAMI314,1,RA2
CAMI315,1,RA1
CAMI316,1,RA1
CAMI316,2,RA1
CAMI317,1,RA1
CAMI317,2,RA1
CAMI317,3,RA1
CAMI317,4,RA1
CAMI318,1,RA4
CAMI319,1,RA1
CAMI320,1,RA1
CAMI320,2,RA1
CAMI321,1,RA2
CAMI321,2,RA2
CAMI322,1,RA2
CAMI323,1,RA4
CAMI324,1,RA4
CAMI325,1,RA1
CAMI325,2,RA1
CAMI326,1,RA1
CAMI327,1,RA4
CAMI329,1,RA1
CAMI330,1,RA4
CAMI331,1,RA4
CAMI332,1,RA4
CAMI333,1,RA4
CAMI334,1,RA4
CAMI335,1,RA4
CAMI336,1,RA4
CAMI337,1,RA4
CAMI337,2,RA4
CAMI338,1,RA4
CAMI339,1,RA1
CAMI340,1,RA1
CAMI340,2,RA1
CAMI340,3,RA1
CAMI341,1,RA1
CAMI341,2,RA1
CAMI341,3,RA1
CAMI342,1,RA4
CAMI342,2,RA2
CAMI343,1,RA1
CAMI343,2,RA1
CAMI343,3,RA1
CAMI343,4,RA1
CAMI343,5,RA1
CAMI343,6,RA1
CBRKM,1,RA2
CBRKM,2,RA2
CBRKM,3,RA1
CBRKM,4,RA2
CFY5M,1,RA1
CFY5M,2,RA1
CTUWM,1,RA1
CUC4M,1,RA2
CUC4M,2,RA1
CUC4M,3,RA2
CUC4M,4,RA2
CWCBM,1,RA3
CWCBM,2,RA3
DE27M,1,RA1
DE27M,2,RA1
DE6VM,1,RA1
DEWEM,1,RA1
DEWEM,2,RA2
DEWEM,3,RA2
DEWEM,4,RA2
DEWEM,5,RA2
DFWBM,1,RA1
DFWBM,2,RA1
DYG5M,1,RA3
EFBUM,1,RA1
EFBUM,2,RA2
ER2UM,1,RA2
ER2UM,2,RA2
ER2UM,3,RA1
ETUQM,1,RA2
ETUQM,2,RA2
EVK9M,1,RA1
EVN9M,1,RA1
EWJVM,1,RA1
EWJVM,2,RA1
EWMEM,1,RA2
EWMEM,2,RA1
EWMEM,3,RA2
FAPUM,1,RA2
FAPUM,2,RA2
FAPUM,3,RA2
FB77M,1,RA3
FB77M,2,RA3
FMHEM,1,RA1
FQWZM,1,RA1
FQWZM,2,RA1
FQWZM,3,RA1
FQWZM,4,RA1
FQWZM,5,RA1
FUMBM,1,RA1
FUMBM,2,RA1
G8QHM,1,RA2
GANZM,1,RA2
GDSJM,1,RA2
GDSJM,2,RA2
GDSJM,3,RA2
GUWRM,1,RA2
GVN9M,1,RA1
GXWCM,1,RA1
GY2MM,1,RA1
GY2MM,2,RA2
GYBNM,1,RA1
GYBNM,2,RA2
H8SEM,1,RA3
HHLZM,1,RA2
HHLZM,2,RA2
HHLZM,3,RA2
HPW6M,1,RA1
HPW6M,2,RA1
HT6UM,1,
HT6UM,2,
HT6UM,3,
HU2YM,1,RA2
J93GM,1,RA2
J93GM,2,RA2
JA6BM,1,
JERDM,1,RA3
JQQGM,1,RA2
JUQ8M,1,RA2
JVLPM,1,RA1
JWAMM,1,RA2
JWAMM,2,RA2
K9G9M,1,RA1
K9G9M,2,RA1
K9G9M,3,RA1
KPYDM,1,RA3
KPYDM,2,RA3
KPYDM,3,RA3
L5TJM,1,RA3
L92WM,1,RA1
LAVAM,2,RA2
LAVAM,3,RA2
LEENM,1,RA2
LEENM,2,RA2
LNX2M,1,RA1
LQSLM,1,RA2
LQSLM,2,RA2
LUFMM,1,RA3
M456M,1,RA3
MFMZM,1,RA1
MFMZM,2,RA2
MNV7M,1,RA2
MNV7M,2,RA2
MVS6M,1,RA1
NKS9M,1,RA3
NR3QM,1,RA1
NR3QM,2,RA1
P9SPM,1,RA1
PMTUM,1,RA2
PMTUM,2,RA2
PNUXM,1,RA1
PNUXM,2,RA1
PNUXM,3,RA2
PSDSM,1,RA3
PWAAM,1,RA1
PWAAM,2,RA1
PWHEM,1,RA1
PWHEM,2,RA1
PXV4M,1,
QCAYM,1,RA1
QCAYM,2,RA1
QCAYM,3,RA1
QCAYM,4,RA1
QCAYM,5,RA1
QTXUM,1,RA2
R227M,1,RA1
R4CBM,1,RA2
RB9YM,1,
RB9YM,2,
RB9YM,3,
RKJ4M,1,RA1
RPJNM,1,RA1
RXEKM,1,
SGYSM,1,RA3
SGYSM,2,RA3
SGYSM,3,RA3
SGYSM,4,RA3
SGYSM,5,RA3
SLWFM,1,RA3
T82BM,1,RA1
T82BM,2,RA1
T82BM,3,RA1
T82BM,4,RA2
T82BM,5,RA1
TFJHM,1,RA1
TFJHM,2,RA1
TQGKM,1,
TUHPM,1,RA1
TUHPM,2,RA1
TUHPM,3,RA1
TUHPM,4,RA2
U2K6M,1,RA1
U2K6M,2,RA1
UDF4M,1,RA1
UDF4M,2,RA1
UHD6M,1,RA2
UVB3M,1,RA1
UVB3M,2,RA1
UVB3M,3,RA1
V888M,1,RA1
VB9SM,1,RA2
VGJQM,1,RA1
VMVHM,1,
VTESM,1,RA2
VTESM,2,RA1
VVUJM,1,RA3
VWZGM,1,RA1
WPWTM,1,RA1
WRU6M,1,RA1
WRV3M,1,RA3
X5LQM,1,RA1
X5LQM,2,RA1
XECJM,1,RA1
XECJM,2,RA1
XQS5M,1,RA3
Y46RM,1,RA1
Y46RM,2,RA1
Y46RM,3,RA1
Y46RM,4,RA1
Y46RM,5,RA1
Y6JZM,1,RA3
Y6JZM,2,RA3
Y8TRM,1,RA1
YJP3M,1,RA2
YLBRM,1,RA2
YLBRM,2,RA1
Z5Z6M,1,RA1
ZCL9M,1,RA1
ZX4WM,1,RA2
