src_subject_id,visit,target
FQWZM,2,total
MVS6M,1,total
TUHPM,4,total
72FRM,2,item01
CAMI223,3,item01
CFY5M,2,item01
LNX2M,1,item01
U2K6M,2,item01
VTESM,1,item01
VVUJM,1,item01
9XKBM,1,item02
CAMI204,1,item02
CBRKM,1,item02
FQWZM,2,item02
K9G9M,3,item02
MVS6M,1,item02
TUHPM,4,item02
4Q9QM,1,item03
4Q9QM,6,item03
CAMI209,1,item03
CUC4M,2,item03
CUC4M,4,item03
JQQGM,1,item03
VWZGM,1,item03
72FRM,2,item04
9ZLSM,3,item04
CAMI209,1,item04
FQWZM,3,item04
JQQGM,1,item04
VWZGM,1,item04
YLBRM,2,item04
24CYM,1,item05
2QRAM,3,item05
9FHYM,1,item05
CAMI230,1,item05
FMHEM,1,item05
M456M,1,item05
VTESM,1,item05
2QRAM,2,item06
4HAFM,2,item06
8TEKM,2,item06
95ZLM,1,item06
9ZLSM,4,item06
CAMI201,3,item06
HPW6M,2,item06
4GW3M,1,item07
6XBVM,1,item07
CBRKM,1,item07
DEWEM,4,item07
LNX2M,1,item07
R227M,1,item07
Y46RM,1,item07
93UEM,1,item08
CAMI214,2,item08
CAMI217,1,item08
CUC4M,3,item08
PSDSM,1,item08
V888M,1,item08
Y6JZM,2,item08
B9WYM,2,item09
CAMI329,1,item09
LQSLM,1,item09
PNUXM,2,item09
UVB3M,2,item09
X5LQM,2,item09
ZX4WM,1,item09
CAMI204,2,item10
CAMI214,2,item10
CTUWM,1,item10
DEWEM,2,item10
FQWZM,4,item10
PNUXM,2,item10
TUHPM,1,item10
